DateTime,Open,High,Low,Close,Volume,close_time,quote_volue,trades,taker_base_volue,taker_quote_volume,ignore
2025-07-09 08:39:00,108783.6,108828.0,108783.5,108827.9,9.925,1752021719999,1079826.3857,157,8.811,958615.3031,0
2025-07-09 08:42:00,108828.0,108873.0,108828.0,108862.1,21.852,1752021899999,2378491.6918,332,14.841,1615288.6860,0
2025-07-09 08:45:00,108862.2,108881.6,108838.0,108843.3,9.256,1752022079999,1007632.6128,141,5.139,559441.9677,0
2025-07-09 08:48:00,108843.3,108872.8,108840.2,108844.9,6.953,1752022259999,756915.0708,133,2.437,265290.4805,0
2025-07-09 08:51:00,108845.0,108892.6,108844.9,108889.9,23.046,1752022439999,2508957.1194,214,20.583,2240757.2553,0
2025-07-09 08:54:00,108890.0,108938.0,108890.0,108924.2,19.211,1752022619999,2092618.4407,389,10.617,1156456.1926,0
2025-07-09 08:57:00,108924.3,108927.9,108873.0,108913.9,6.834,1752022799999,744234.3977,190,1.892,206027.0381,0
2025-07-09 09:00:00,108913.9,108925.4,108891.3,108922.0,9.924,1752022979999,1080797.1369,162,4.732,515306.2327,0
2025-07-09 09:03:00,108922.0,109000.0,108922.0,108955.0,31.519,1752023159999,3434738.1065,784,19.846,2162586.2372,0
2025-07-09 09:06:00,108958.0,109110.0,108958.0,109072.3,98.876,1752023339999,10784733.5268,1750,65.093,7099600.6231,0
2025-07-09 09:09:00,109072.3,109097.6,109017.3,109074.0,22.453,1752023519999,2448981.7100,411,11.450,1248840.4607,0
2025-07-09 09:12:00,109074.9,109079.9,109032.1,109079.9,10.329,1752023699999,1126421.4652,193,8.154,889217.5980,0
2025-07-09 09:15:00,109079.9,109079.9,108967.6,108973.9,14.598,1752023879999,1591634.5268,415,5.698,621225.4946,0
2025-07-09 09:18:00,108976.0,108983.9,108900.4,108909.9,19.923,1752024059999,2170209.4765,474,8.544,930683.5113,0
2025-07-09 09:21:00,108910.0,108913.9,108826.5,108846.0,40.392,1752024239999,4397245.7791,651,17.695,1926371.6526,0
2025-07-09 09:24:00,108846.1,108872.0,108800.1,108800.2,47.749,1752024419999,5197152.3565,491,24.790,2698229.5267,0
2025-07-09 09:27:00,108800.2,108800.2,108746.7,108770.0,60.858,1752024599999,6619832.0857,652,18.394,2000535.1814,0
2025-07-09 09:30:00,108769.9,108769.9,108714.0,108757.3,21.930,1752024779999,2384705.8719,499,13.515,1469627.1041,0
2025-07-09 09:33:00,108758.0,108762.0,108744.1,108745.0,10.868,1752024959999,1181914.6447,189,4.068,442395.8436,0
2025-07-09 09:36:00,108744.0,108752.0,108699.9,108732.0,15.802,1752025139999,1718024.0731,319,7.273,790720.3630,0
2025-07-09 09:39:00,108732.0,108785.0,108718.0,108774.0,23.073,1752025319999,2509255.0645,411,13.360,1452912.9559,0
2025-07-09 09:42:00,108774.0,108782.0,108720.0,108720.0,7.409,1752025499999,805790.6069,173,1.970,214272.6674,0
2025-07-09 09:45:00,108718.2,108750.7,108700.0,108726.1,15.330,1752025679999,1666819.1298,257,7.950,864373.7878,0
2025-07-09 09:48:00,108726.0,108766.7,108719.1,108750.0,6.955,1752025859999,756324.8538,177,4.667,507499.0366,0
2025-07-09 09:51:00,108749.9,108762.9,108726.1,108726.2,6.203,1752026039999,674543.9292,109,2.178,236854.4741,0
2025-07-09 09:54:00,108726.2,108775.0,108726.2,108766.1,16.401,1752026219999,1783642.3557,232,12.873,1399910.2154,0
2025-07-09 09:57:00,108766.1,108766.1,108728.1,108760.0,26.760,1752026399999,2910131.1618,316,16.647,1810323.8937,0
2025-07-09 10:00:00,108760.0,108810.6,108736.0,108810.6,39.086,1752026579999,4251534.6787,465,32.816,3569629.1435,0
2025-07-09 10:03:00,108810.6,108812.5,108788.1,108800.0,10.630,1752026759999,1156600.8996,145,5.678,617788.8352,0
2025-07-09 10:06:00,108796.0,108820.7,108790.1,108800.0,8.458,1752026939999,920307.4636,174,3.876,421731.6741,0
2025-07-09 10:09:00,108798.1,108800.0,108758.0,108790.0,9.053,1752027119999,984778.5097,164,3.881,422135.2324,0
2025-07-09 10:12:00,108790.0,108818.0,108790.0,108808.0,11.892,1752027299999,1293907.9003,223,7.107,773285.0456,0
2025-07-09 10:15:00,108808.1,108808.1,108766.0,108766.1,4.031,1752027479999,438561.2933,87,0.117,12727.9358,0
2025-07-09 10:18:00,108767.9,108774.0,108710.9,108711.0,8.504,1752027659999,924796.3032,242,1.224,133117.9208,0
2025-07-09 10:21:00,108710.0,108719.3,108692.2,108692.2,18.431,1752027839999,2003568.7999,259,8.343,906921.2394,0
2025-07-09 10:24:00,108692.2,108731.9,108692.2,108722.0,8.361,1752028019999,908976.0842,173,4.610,501150.9174,0
2025-07-09 10:27:00,108721.9,108721.9,108680.0,108693.3,12.987,1752028199999,1411707.2600,289,5.412,588276.8230,0
2025-07-09 10:30:00,108693.2,108732.0,108685.1,108722.2,12.575,1752028379999,1367036.4675,254,8.255,897357.3006,0
2025-07-09 10:33:00,108722.2,108744.0,108685.0,108685.0,12.900,1752028559999,1402465.5692,185,1.870,203332.8825,0
2025-07-09 10:36:00,108685.0,108694.0,108642.9,108649.9,38.589,1752028739999,4193192.8336,556,15.663,1701987.7741,0
2025-07-09 10:39:00,108649.9,108660.0,108628.2,108660.0,17.435,1752028919999,1894307.6895,270,5.699,619161.5645,0
2025-07-09 10:42:00,108660.0,108698.0,108660.0,108683.5,8.646,1752029099999,939686.6435,138,5.347,581102.7229,0
2025-07-09 10:45:00,108683.6,108683.6,108662.0,108665.0,5.824,1752029279999,632890.6826,95,2.012,218636.4152,0
2025-07-09 10:48:00,108662.1,108662.1,108628.1,108636.1,9.103,1752029459999,988964.7827,183,4.695,510054.1347,0
2025-07-09 10:51:00,108636.1,108643.1,108616.9,108643.1,12.241,1752029639999,1329729.5089,183,7.120,773463.5066,0
2025-07-09 10:54:00,108643.0,108647.9,108591.8,108602.0,23.703,1752029819999,2574532.7308,396,6.761,734332.0417,0
2025-07-09 10:57:00,108604.0,108604.0,108576.5,108599.7,30.151,1752029999999,3274012.1121,378,13.045,1416487.6636,0
2025-07-09 11:00:00,108599.7,108609.9,108586.6,108609.9,14.086,1752030179999,1529702.9646,219,9.034,981045.6639,0
2025-07-09 11:03:00,108610.0,108650.8,108595.2,108606.0,28.276,1752030359999,3071162.4665,384,12.790,1389195.3074,0
2025-07-09 11:06:00,108605.9,108605.9,108576.0,108576.0,16.283,1752030539999,1768135.7907,224,7.540,818715.7886,0
2025-07-09 11:09:00,108576.0,108576.1,108500.0,108507.2,52.347,1752030719999,5681367.1441,971,13.794,1497077.1612,0
2025-07-09 11:12:00,108508.5,108520.6,108440.9,108440.9,54.789,1752030899999,5943564.4048,725,18.034,1956294.5367,0
2025-07-09 11:15:00,108440.9,108440.9,108373.9,108404.1,61.896,1752031079999,6709839.3833,981,26.318,2852971.6150,0
2025-07-09 11:18:00,108404.0,108424.0,108398.0,108410.0,29.978,1752031259999,3249971.8963,329,18.686,2025730.6202,0
2025-07-09 11:21:00,108410.0,108420.5,108382.0,108387.4,23.103,1752031439999,2504378.8444,254,7.523,815484.8891,0
2025-07-09 11:24:00,108386.5,108394.0,108384.0,108388.7,10.057,1752031619999,1090049.2182,162,6.938,751984.1508,0
2025-07-09 11:27:00,108388.7,108426.0,108378.7,108426.0,30.476,1752031799999,3303608.8593,394,16.041,1738814.0587,0
2025-07-09 11:30:00,108425.9,108426.0,108386.0,108386.1,14.375,1752031979999,1558313.4865,219,4.442,481475.4657,0
2025-07-09 11:33:00,108389.9,108395.0,108355.0,108368.0,23.378,1752032159999,2533594.6428,429,7.770,842088.6659,0
2025-07-09 11:36:00,108369.9,108386.0,108361.6,108386.0,13.666,1752032339999,1481004.9537,161,9.535,1033324.6892,0
2025-07-09 11:39:00,108385.9,108386.0,108372.1,108380.1,24.596,1752032519999,2665721.2362,228,5.373,582330.6587,0
2025-07-09 11:42:00,108380.0,108380.1,108362.1,108368.0,21.717,1752032699999,2353629.8417,121,6.321,685024.0791,0
2025-07-09 11:45:00,108368.0,108374.0,108322.2,108372.5,45.269,1752032879999,4904843.1587,526,19.743,2139050.6365,0
2025-07-09 11:48:00,108372.4,108372.4,108354.0,108354.1,9.553,1752033059999,1035162.3986,119,4.370,473507.4230,0
2025-07-09 11:51:00,108354.2,108354.2,108328.4,108346.8,20.583,1752033239999,2229949.8230,220,8.571,928504.4898,0
2025-07-09 11:54:00,108346.7,108376.0,108309.9,108376.0,19.010,1752033419999,2059439.2558,327,12.031,1303461.0841,0
2025-07-09 11:57:00,108375.9,108376.0,108337.2,108337.2,18.442,1752033599999,1998361.2409,216,4.435,480542.2095,0
2025-07-09 12:00:00,108337.3,108365.9,108318.3,108365.9,20.814,1752033779999,2254807.4621,298,10.296,1115434.8836,0
2025-07-09 12:03:00,108365.8,108365.8,108352.0,108358.0,9.163,1752033959999,992882.7756,161,5.896,638867.0174,0
2025-07-09 12:06:00,108358.0,108374.0,108355.0,108362.0,24.326,1752034139999,2635948.2335,218,8.462,916935.5678,0
2025-07-09 12:09:00,108362.0,108442.2,108362.0,108366.9,31.436,1752034319999,3407876.7456,501,20.704,2244443.3757,0
2025-07-09 12:12:00,108366.9,108380.0,108316.0,108316.0,18.103,1752034499999,1961506.0711,316,6.009,651187.3634,0
2025-07-09 12:15:00,108316.0,108369.9,108312.6,108342.5,19.548,1752034679999,2117747.4964,252,11.960,1295615.6671,0
2025-07-09 12:18:00,108342.5,108346.6,108331.4,108340.1,6.741,1752034859999,730327.6496,130,1.914,207363.6027,0
2025-07-09 12:21:00,108340.0,108340.0,108326.0,108326.0,3.542,1752035039999,383721.2653,76,0.963,104323.1676,0
2025-07-09 12:24:00,108326.1,108338.6,108292.5,108309.9,45.796,1752035219999,4959981.4171,503,13.488,1460825.3274,0
2025-07-09 12:27:00,108310.0,108374.0,108305.3,108373.9,30.535,1752035399999,3307809.5661,336,18.845,2041469.8169,0
2025-07-09 12:30:00,108374.0,108453.9,108374.0,108425.1,24.920,1752035579999,2701980.7301,506,11.365,1232157.5944,0
2025-07-09 12:33:00,108425.1,108451.9,108407.3,108407.4,28.386,1752035759999,3078326.0585,204,6.250,677773.2167,0
2025-07-09 12:36:00,108407.3,108494.0,108407.3,108479.9,30.105,1752035939999,3264848.3216,518,19.362,2099666.9537,0
2025-07-09 12:39:00,108480.0,108516.0,108480.0,108516.0,24.806,1752036119999,2691574.9082,300,22.060,2393646.9604,0
2025-07-09 12:42:00,108515.9,108516.0,108466.0,108466.0,35.453,1752036299999,3846279.2868,322,11.934,1294562.7202,0
2025-07-09 12:45:00,108466.0,108476.0,108437.8,108476.0,9.756,1752036479999,1058008.1612,153,6.024,653270.5054,0
2025-07-09 12:48:00,108476.0,108512.8,108475.2,108512.8,11.345,1752036659999,1230864.6442,191,9.020,978608.7279,0
2025-07-09 12:51:00,108512.8,108513.9,108508.0,108508.1,6.888,1752036839999,747422.3002,104,3.979,431762.0155,0
2025-07-09 12:54:00,108508.1,108538.0,108508.1,108538.0,7.779,1752037019999,844144.4267,218,6.860,744422.4921,0
2025-07-09 12:57:00,108537.9,108540.0,108510.0,108524.9,9.388,1752037199999,1018824.8231,183,5.753,624315.9333,0
2025-07-09 13:00:00,108524.9,108592.3,108514.1,108578.5,37.554,1752037379999,4076718.4069,644,24.958,2709204.8076,0
2025-07-09 13:03:00,108578.4,108594.4,108530.0,108564.0,25.619,1752037559999,2781392.9466,322,9.719,1055162.7381,0
2025-07-09 13:06:00,108564.0,108570.0,108542.0,108542.0,5.491,1752037739999,596114.8348,98,1.194,129625.7637,0
2025-07-09 13:09:00,108542.1,108542.1,108520.0,108520.0,5.687,1752037919999,617173.5751,150,0.750,81391.7814,0
2025-07-09 13:12:00,108520.0,108525.7,108495.4,108525.7,17.463,1752038099999,1894860.2406,274,11.086,1202869.9334,0
2025-07-09 13:15:00,108525.7,108554.7,108525.6,108554.6,8.297,1752038279999,900616.8757,194,5.765,625763.3546,0
2025-07-09 13:18:00,108554.6,108555.0,108520.0,108520.0,7.818,1752038459999,848626.0252,122,1.308,141977.4433,0
2025-07-09 13:21:00,108520.0,108538.0,108510.0,108538.0,7.810,1752038639999,847533.2005,140,6.171,669674.0446,0
2025-07-09 13:24:00,108537.9,108537.9,108476.0,108476.1,8.889,1752038819999,964602.6670,229,0.594,64466.0583,0
2025-07-09 13:27:00,108476.0,108476.1,108456.9,108476.0,7.508,1752038999999,814399.2749,159,2.502,271384.6756,0
2025-07-09 13:30:00,108476.0,108498.0,108466.0,108498.0,7.602,1752039179999,824634.9074,119,5.626,610287.4906,0
2025-07-09 13:33:00,108498.0,108735.1,108498.0,108728.9,75.338,1752039359999,8184931.0340,1455,64.447,7001965.2041,0
2025-07-09 13:36:00,108727.7,108863.1,108674.5,108838.0,146.054,1752039539999,15888917.9895,2668,80.246,8729505.0187,0
2025-07-09 13:39:00,108838.0,108906.9,108820.7,108835.0,85.990,1752039719999,9360415.2061,1439,37.107,4039243.1406,0
2025-07-09 13:42:00,108835.0,108847.9,108814.1,108842.0,35.460,1752039899999,3859251.0791,423,18.901,2057005.7789,0
2025-07-09 13:45:00,108842.1,108872.0,108647.3,108693.9,90.876,1752040079999,9882561.4241,1549,27.327,2971747.4774,0
2025-07-09 13:48:00,108693.9,108747.9,108693.9,108718.0,18.601,1752040259999,2022543.3613,278,8.695,945381.0531,0
2025-07-09 13:51:00,108718.1,108731.8,108716.0,108716.0,6.560,1752040439999,713244.0393,114,1.529,166242.1791,0
2025-07-09 13:54:00,108716.0,108785.4,108716.0,108757.9,20.412,1752040619999,2219944.0482,353,11.005,1196827.6523,0
2025-07-09 13:57:00,108760.0,108760.0,108752.0,108752.0,4.431,1752040799999,481884.8761,106,0.723,78627.7920,0
2025-07-09 14:00:00,108752.1,108794.9,108750.0,108750.0,25.636,1752040979999,2788580.1476,427,12.405,1349340.0697,0
2025-07-09 14:03:00,108750.1,108750.1,108698.2,108727.9,38.827,1752041159999,4221441.8930,610,24.380,2650607.1333,0
2025-07-09 14:06:00,108727.9,108754.0,108713.0,108713.0,11.413,1752041339999,1240958.6810,232,6.172,671084.2834,0
2025-07-09 14:09:00,108713.1,108713.1,108651.6,108685.1,30.912,1752041519999,3359444.1269,475,10.938,1188676.4470,0
2025-07-09 14:12:00,108685.1,108697.8,108678.0,108689.9,8.887,1752041699999,965917.2765,126,6.684,726466.4749,0
2025-07-09 14:15:00,108690.0,108715.2,108684.0,108715.1,8.026,1752041879999,872410.8352,176,6.242,678506.1263,0
2025-07-09 14:18:00,108715.2,108770.1,108715.2,108761.8,19.869,1752042059999,2160750.7066,457,12.547,1364414.3824,0
2025-07-09 14:21:00,108761.7,108761.7,108710.1,108716.0,7.102,1752042239999,772206.5838,211,2.987,324742.6865,0
2025-07-09 14:24:00,108716.0,108717.2,108682.0,108682.0,7.630,1752042419999,829378.4681,207,0.643,69887.5333,0
2025-07-09 14:27:00,108682.0,108686.0,108676.4,108686.0,6.720,1752042599999,730352.6348,97,5.101,554392.0095,0
2025-07-09 14:30:00,108686.6,108729.5,108686.6,108702.1,14.861,1752042779999,1615564.6282,210,10.156,1104037.2969,0
2025-07-09 14:33:00,108702.0,108715.9,108698.0,108698.0,7.327,1752042959999,796503.7949,139,3.455,375575.9103,0
2025-07-09 14:36:00,108698.0,108699.9,108690.0,108690.0,4.615,1752043139999,501625.9645,93,1.153,125322.5460,0
2025-07-09 14:39:00,108690.0,108690.1,108645.0,108645.0,6.552,1752043319999,712012.5711,223,0.274,29776.3584,0
2025-07-09 14:42:00,108645.1,108679.3,108645.0,108672.5,10.688,1752043499999,1161489.4904,140,3.560,386834.4485,0
2025-07-09 14:45:00,108672.5,108717.9,108672.5,108717.9,9.823,1752043679999,1067727.8747,206,7.716,838676.7653,0
2025-07-09 14:48:00,108719.4,108771.9,108719.4,108768.1,8.667,1752043859999,942531.6670,248,7.267,790258.9931,0
2025-07-09 14:51:00,108768.1,108810.0,108768.0,108806.6,12.454,1752044039999,1354971.0730,288,7.281,792101.8789,0
2025-07-09 14:54:00,108806.7,108838.6,108806.7,108814.0,17.230,1752044219999,1875083.8137,289,11.128,1211012.8157,0
2025-07-09 14:57:00,108812.0,108815.0,108800.1,108810.0,7.986,1752044399999,868933.4403,144,3.615,393318.1682,0
2025-07-09 15:00:00,108810.0,108850.0,108780.2,108780.2,26.921,1752044579999,2929648.5398,414,10.478,1140281.3432,0
2025-07-09 15:03:00,108780.2,108812.8,108780.2,108812.8,13.537,1752044759999,1472693.3400,161,12.249,1332552.2177,0
2025-07-09 15:06:00,108814.0,108826.0,108814.0,108822.0,16.625,1752044939999,1809177.6645,164,8.264,899292.8515,0
2025-07-09 15:09:00,108822.0,108839.5,108771.1,108786.3,45.525,1752045119999,4953028.4867,459,12.893,1402846.0562,0
2025-07-09 15:12:00,108786.3,108788.0,108729.1,108729.1,7.614,1752045299999,828092.2570,243,0.235,25563.5579,0
2025-07-09 15:15:00,108729.1,108787.9,108725.1,108772.0,15.069,1752045479999,1638837.6372,229,10.006,1088159.0452,0
2025-07-09 15:18:00,108772.0,108788.0,108772.0,108788.0,7.579,1752045659999,824426.9374,120,5.581,607084.3718,0
2025-07-09 15:21:00,108788.0,108788.0,108748.8,108755.9,10.077,1752045839999,1096029.0426,154,1.910,207718.5124,0
2025-07-09 15:24:00,108755.9,108755.9,108715.2,108748.0,11.091,1752046019999,1205926.6190,211,6.574,714751.1435,0
2025-07-09 15:27:00,108748.0,108757.9,108748.0,108752.0,10.248,1752046199999,1114506.7932,129,7.339,798134.6938,0
2025-07-09 15:30:00,108752.1,108753.9,108745.0,108745.0,2.492,1752046379999,270999.1927,80,1.183,128647.4105,0
2025-07-09 15:33:00,108745.1,108752.0,108720.1,108720.2,4.408,1752046559999,479328.8324,139,0.624,67856.6240,0
2025-07-09 15:36:00,108720.2,108720.2,108692.3,108692.3,9.711,1752046739999,1055603.5737,202,2.708,294350.4521,0
2025-07-09 15:39:00,108692.3,108697.5,108687.9,108688.0,5.709,1752046919999,620532.0135,168,1.811,196844.1387,0
2025-07-09 15:42:00,108687.9,108687.9,108631.3,108650.4,23.184,1752047099999,2518931.4498,444,7.115,772958.7832,0
2025-07-09 15:45:00,108650.4,108668.0,108644.0,108665.0,12.033,1752047279999,1307474.9775,196,7.566,822110.0123,0
2025-07-09 15:48:00,108665.0,108707.6,108665.0,108684.0,7.639,1752047459999,830288.4824,170,3.301,358759.5727,0
2025-07-09 15:51:00,108684.1,108686.0,108674.0,108674.0,5.011,1752047639999,544595.3697,76,0.917,99662.2866,0
2025-07-09 15:54:00,108674.0,108674.0,108645.0,108653.9,9.303,1752047819999,1010840.1165,157,4.058,440892.2533,0
2025-07-09 15:57:00,108654.0,108682.0,108654.0,108681.9,5.979,1752047999999,649718.3577,126,5.845,635156.5557,0
2025-07-09 16:00:00,108682.0,108705.0,108654.1,108689.9,18.499,1752048179999,2010531.7481,342,8.583,932834.0107,0
2025-07-09 16:03:00,108689.9,108726.0,108672.0,108725.3,10.293,1752048359999,1118846.1848,239,8.096,880055.2342,0
2025-07-09 16:06:00,108725.3,108728.1,108686.0,108726.0,11.345,1752048539999,1233253.6987,262,4.335,471205.6813,0
2025-07-09 16:09:00,108726.1,108749.4,108712.0,108712.0,24.933,1752048719999,2711083.0036,331,15.029,1634152.9008,0
2025-07-09 16:12:00,108712.1,108741.5,108712.1,108734.1,12.992,1752048899999,1412659.7175,156,7.799,847978.5892,0
2025-07-09 16:15:00,108734.1,108812.2,108734.1,108812.2,17.171,1752049079999,1867627.9903,525,13.022,1416398.2029,0
2025-07-09 16:18:00,108812.2,108817.9,108790.1,108790.1,18.615,1752049259999,2025581.8721,226,5.425,590314.2866,0
2025-07-09 16:21:00,108790.0,108813.1,108758.0,108773.6,25.622,1752049439999,2787247.9574,336,9.845,1070897.9026,0
2025-07-09 16:24:00,108774.0,108774.0,108724.9,108724.9,4.783,1752049619999,520079.1513,164,0.026,2826.9225,0
2025-07-09 16:27:00,108725.0,108789.3,108725.0,108789.3,6.276,1752049799999,682527.0414,139,3.962,430894.9719,0
2025-07-09 16:30:00,108789.3,108804.0,108746.0,108788.0,18.260,1752049979999,1986315.2780,343,9.502,1033564.6928,0
2025-07-09 16:33:00,108789.9,108795.0,108755.0,108755.0,7.450,1752050159999,810365.0478,147,2.322,252551.4646,0
2025-07-09 16:36:00,108755.1,108755.1,108714.0,108739.0,17.272,1752050339999,1878037.1810,216,13.229,1438414.7617,0
2025-07-09 16:39:00,108740.0,108745.4,108716.0,108724.0,11.414,1752050519999,1241075.9076,150,2.207,239944.8065,0
2025-07-09 16:42:00,108724.0,108768.0,108724.0,108750.0,28.086,1752050699999,3054194.1427,226,24.114,2622182.1521,0
2025-07-09 16:45:00,108750.0,108750.0,108662.0,108680.0,21.025,1752050879999,2285362.3146,408,6.485,704817.5407,0
2025-07-09 16:48:00,108681.9,108692.0,108681.9,108682.0,5.001,1752051059999,543547.4083,89,3.937,427900.7647,0
2025-07-09 16:51:00,108682.0,108686.0,108622.0,108680.1,33.064,1752051239999,3592967.6243,501,12.600,1369252.6195,0
2025-07-09 16:54:00,108680.1,108683.5,108646.0,108652.0,6.155,1752051419999,668806.4524,130,1.612,175152.1260,0
2025-07-09 16:57:00,108652.0,108655.0,108631.0,108631.0,11.849,1752051599999,1287360.5351,190,3.650,396561.0213,0
2025-07-09 17:00:00,108631.1,108646.7,108631.0,108641.0,10.517,1752051779999,1142536.1407,199,6.501,706240.3916,0
2025-07-09 17:03:00,108641.0,108641.1,108618.0,108618.0,8.289,1752051959999,900451.2901,205,0.246,26722.4984,0
2025-07-09 17:06:00,108618.0,108624.0,108599.0,108599.0,13.164,1752052139999,1429754.8655,309,2.397,260350.1714,0
2025-07-09 17:09:00,108599.0,108599.0,108564.5,108577.3,38.238,1752052319999,4152032.7700,549,11.908,1292981.0366,0
2025-07-09 17:12:00,108577.2,108577.2,108535.4,108535.4,13.637,1752052499999,1480277.1324,404,2.267,246086.9032,0
2025-07-09 17:15:00,108535.3,108609.0,108530.0,108594.1,32.270,1752052679999,3503576.4556,398,20.004,2171903.9532,0
2025-07-09 17:18:00,108594.1,108594.1,108576.1,108584.9,9.204,1752052859999,999399.6205,149,3.751,407282.8809,0
2025-07-09 17:21:00,108584.9,108609.4,108584.4,108609.4,17.926,1752053039999,1946659.9266,206,9.107,988926.8242,0
2025-07-09 17:24:00,108610.0,108610.0,108586.0,108588.2,9.089,1752053219999,987077.0234,108,0.854,92736.9418,0
2025-07-09 17:27:00,108588.2,108599.9,108576.0,108576.1,4.823,1752053399999,523690.6377,110,1.199,130200.4885,0
2025-07-09 17:30:00,108576.1,108576.2,108560.0,108568.2,7.471,1752053579999,811092.7665,174,5.069,550301.7985,0
2025-07-09 17:33:00,108568.2,108588.0,108566.0,108588.0,9.784,1752053759999,1062276.8445,228,7.711,837198.5558,0
2025-07-09 17:36:00,108588.0,108588.0,108587.8,108587.9,1.407,1752053939999,152783.1871,47,0.555,60266.2978,0
2025-07-09 17:39:00,108587.9,108604.0,108587.8,108604.0,7.282,1752054119999,790776.8825,169,5.387,584975.6349,0
2025-07-09 17:42:00,108603.9,108673.1,108603.9,108664.0,13.245,1752054299999,1439147.5380,334,7.119,773432.5202,0
2025-07-09 17:45:00,108664.1,108672.0,108656.1,108672.0,6.745,1752054479999,732935.2056,140,4.047,439764.0552,0
2025-07-09 17:48:00,108672.0,108729.8,108672.0,108709.6,23.276,1752054659999,2530145.4455,465,16.421,1784872.3808,0
2025-07-09 17:51:00,108709.6,108738.9,108709.6,108724.9,11.541,1752054839999,1254811.3643,254,7.399,804441.8475,0
2025-07-09 17:54:00,108722.1,108756.0,108722.0,108735.9,27.724,1752055019999,3014691.8107,302,17.869,1943026.8770,0
2025-07-09 17:57:00,108736.0,108736.0,108718.0,108720.5,11.249,1752055199999,1223097.5037,112,3.258,354207.2655,0
2025-07-09 18:00:00,108720.5,108720.5,108694.7,108694.7,5.228,1752055379999,568351.7168,108,0.066,7173.9218,0
2025-07-09 18:03:00,108694.8,108703.8,108694.8,108697.9,5.478,1752055559999,595448.4399,137,3.381,367502.4794,0
2025-07-09 18:06:00,108697.9,108737.9,108668.0,108737.9,14.217,1752055739999,1545226.0831,265,7.688,835586.7467,0
2025-07-09 18:09:00,108737.9,108778.0,108737.9,108754.7,12.466,1752055919999,1355829.5557,282,7.302,794142.9041,0
2025-07-09 18:12:00,108754.7,108774.0,108726.0,108770.6,14.008,1752056099999,1523335.6347,267,7.423,807185.8141,0
2025-07-09 18:15:00,108770.7,108784.0,108760.0,108784.0,11.222,1752056279999,1220632.5036,184,6.370,692866.0263,0
2025-07-09 18:18:00,108783.9,108784.0,108766.0,108766.1,3.700,1752056459999,402464.7414,83,0.216,23496.5394,0
2025-07-09 18:21:00,108766.0,108795.6,108750.1,108795.6,10.139,1752056639999,1102780.7345,219,7.006,762026.1693,0
2025-07-09 18:24:00,108795.6,108812.0,108774.0,108774.1,35.362,1752056819999,3847409.5071,381,22.800,2480663.1888,0
2025-07-09 18:27:00,108774.0,108774.0,108760.0,108760.0,2.718,1752056999999,295631.5826,76,0.075,8157.3180,0
2025-07-09 18:30:00,108760.0,108770.0,108760.0,108769.9,4.993,1752057179999,543057.0530,52,4.662,507055.8298,0
2025-07-09 18:33:00,108770.0,108783.9,108769.9,108783.9,8.774,1752057359999,954391.2504,110,7.627,829629.4151,0
2025-07-09 18:36:00,108783.9,108794.0,108765.2,108793.8,13.148,1752057539999,1430297.6879,269,6.677,726346.5271,0
2025-07-09 18:39:00,108793.9,108838.8,108793.8,108832.1,43.339,1752057719999,4716304.0640,468,32.852,3574978.7573,0
2025-07-09 18:42:00,108832.1,108858.1,108824.0,108858.1,34.526,1752057899999,3757873.0516,327,23.559,2564223.7064,0
2025-07-09 18:45:00,108858.1,108858.1,108840.0,108844.0,17.285,1752058079999,1881446.7108,230,5.351,582425.3670,0
2025-07-09 18:48:00,108844.1,108844.1,108812.8,108825.7,17.945,1752058259999,1952782.5923,267,4.568,497074.1565,0
2025-07-09 18:51:00,108825.7,108830.0,108801.7,108801.7,6.360,1752058439999,692115.0893,161,0.933,101536.1015,0
2025-07-09 18:54:00,108801.1,108824.0,108770.0,108823.9,19.032,1752058619999,2070603.4848,303,10.150,1104258.9339,0
2025-07-09 18:57:00,108824.0,108872.5,108823.9,108872.4,27.654,1752058799999,3010070.8036,366,24.390,2654777.4916,0
2025-07-09 19:00:00,108872.5,108906.2,108872.5,108895.8,26.628,1752058979999,2899609.9402,515,17.476,1902940.9660,0
2025-07-09 19:03:00,108895.7,108936.0,108895.7,108915.0,15.986,1752059159999,1741205.1934,440,10.016,1090910.0912,0
2025-07-09 19:06:00,108915.0,108948.9,108914.9,108948.8,14.856,1752059339999,1618381.4679,283,9.697,1056339.3237,0
2025-07-09 19:09:00,108948.9,108966.5,108948.8,108966.5,13.273,1752059519999,1446179.7108,287,12.514,1363478.8046,0
2025-07-09 19:12:00,108966.5,108990.0,108966.4,108983.7,38.291,1752059699999,4173022.5633,468,22.076,2405839.7764,0
2025-07-09 19:15:00,108983.8,109059.3,108982.0,109046.0,64.350,1752059879999,7015210.6654,1035,41.192,4490294.4933,0
2025-07-09 19:18:00,109046.1,109046.1,109000.0,109009.4,48.657,1752060059999,5305004.5682,563,8.461,922448.5624,0
2025-07-09 19:21:00,109009.5,109041.1,109000.0,109041.1,16.644,1752060239999,1814502.6220,244,10.850,1182863.3834,0
2025-07-09 19:24:00,109041.0,109048.0,109026.8,109026.8,12.650,1752060419999,1379338.1204,228,3.223,351443.9239,0
2025-07-09 19:27:00,109026.8,109026.8,109010.1,109012.0,19.595,1752060599999,2136192.8287,253,8.672,945361.1721,0
2025-07-09 19:30:00,109012.0,109047.3,109003.9,109047.3,39.432,1752060779999,4299323.4025,438,31.827,3470147.7247,0
2025-07-09 19:33:00,109047.3,109049.3,109038.0,109049.3,22.094,1752060959999,2409220.4442,246,9.616,1048564.4491,0
2025-07-09 19:36:00,109049.3,109070.1,109049.3,109069.3,38.424,1752061139999,4190614.4204,328,22.186,2419551.4053,0
2025-07-09 19:39:00,109069.3,109074.0,108899.4,108974.9,87.340,1752061319999,9518606.7888,1387,24.177,2634109.0984,0
2025-07-09 19:42:00,108974.9,109030.8,108966.1,109030.8,14.566,1752061499999,1587552.9159,332,9.523,1037944.3568,0
2025-07-09 19:45:00,109030.8,109090.0,109030.8,109073.9,58.656,1752061679999,6397604.5967,849,37.654,4106824.3731,0
2025-07-09 19:48:00,109073.9,109099.8,109073.9,109088.0,29.608,1752061859999,3229842.5223,373,21.361,2330162.5921,0
2025-07-09 19:51:00,109088.0,109088.0,109047.8,109056.0,22.750,1752062039999,2481243.7372,321,11.066,1206872.4913,0
2025-07-09 19:54:00,109056.0,109056.0,109008.0,109042.0,20.116,1752062219999,2193387.5865,416,9.771,1065350.6919,0
2025-07-09 19:57:00,109041.9,109041.9,109013.4,109033.9,20.644,1752062399999,2250641.3769,293,6.528,711658.1407,0
2025-07-09 20:00:00,109033.9,109034.0,108939.1,109013.3,45.750,1752062579999,4985531.5041,657,16.621,1811287.3079,0
2025-07-09 20:03:00,109015.9,109036.4,109000.3,109000.4,17.443,1752062759999,1901691.7245,302,6.320,689034.5815,0
2025-07-09 20:06:00,109000.3,109083.9,109000.3,109083.9,28.683,1752062939999,3127973.7734,476,24.546,2676743.8735,0
2025-07-09 20:09:00,109083.8,109353.2,109083.8,109347.8,266.357,1752063119999,29098465.9104,4505,195.977,21407916.1462,0
2025-07-09 20:12:00,109347.9,109398.3,109318.2,109366.0,113.712,1752063299999,12435467.2210,1690,60.703,6638420.7285,0
2025-07-09 20:15:00,109368.9,109426.4,109346.1,109361.8,87.625,1752063479999,9584875.6317,1342,46.252,5059517.3009,0
2025-07-09 20:18:00,109361.9,109446.2,109353.2,109420.0,77.527,1752063659999,8482475.9938,1183,33.835,3701711.4103,0
2025-07-09 20:21:00,109420.0,109422.0,109366.1,109408.0,48.688,1752063839999,5326503.9355,754,24.948,2729261.8298,0
2025-07-09 20:24:00,109407.9,109482.0,109407.9,109449.9,116.429,1752064019999,12744290.6203,1166,69.192,7573616.4244,0
2025-07-09 20:27:00,109449.9,109477.0,109415.3,109477.0,50.793,1752064199999,5558958.6744,728,24.727,2706233.4758,0
2025-07-09 20:30:00,109477.0,109480.0,109422.0,109470.0,60.893,1752064379999,6664929.6852,780,22.146,2423832.0197,0
2025-07-09 20:33:00,109470.0,109477.9,109462.0,109477.9,75.550,1752064559999,8270443.8160,410,50.593,5538304.9870,0
2025-07-09 20:36:00,109477.9,109498.0,109450.0,109483.8,75.368,1752064739999,8251405.3598,814,39.994,4378590.8753,0
2025-07-09 20:39:00,109483.8,109485.0,109407.5,109407.5,55.772,1752064919999,6104807.6183,616,7.503,821385.3912,0
2025-07-09 20:42:00,109407.5,109445.8,109400.0,109445.8,36.824,1752065099999,4029385.4668,482,20.724,2267686.0823,0
2025-07-09 20:45:00,109447.9,109459.0,109363.9,109424.8,54.788,1752065279999,5993947.2098,1004,25.069,2742497.4018,0
2025-07-09 20:48:00,109424.7,109442.0,109392.0,109432.0,36.414,1752065459999,3984517.3879,509,15.124,1654857.8158,0
2025-07-09 20:51:00,109432.0,109432.1,109374.7,109391.9,29.968,1752065639999,3278681.8373,471,8.038,879367.9382,0
2025-07-09 20:54:00,109392.0,109393.9,109315.5,109320.0,36.781,1752065819999,4022463.0691,647,9.513,1040394.9779,0
2025-07-09 20:57:00,109319.9,109320.0,109253.9,109310.0,48.446,1752065999999,5294630.8048,825,21.741,2375909.2892,0
2025-07-09 21:00:00,109310.0,109408.4,109308.1,109408.3,63.403,1752066179999,6934054.9262,1021,37.130,4060563.8612,0
2025-07-09 21:03:00,109408.4,109631.4,109408.4,109631.0,137.468,1752066359999,15056020.1441,2618,120.568,13205085.0976,0
2025-07-09 21:06:00,109630.1,109746.0,109585.6,109706.1,181.483,1752066539999,19902966.5772,2834,103.244,11323183.6632,0
2025-07-09 21:09:00,109706.1,109764.6,109670.0,109708.0,107.926,1752066719999,11841216.1021,1498,48.978,5373882.9901,0
2025-07-09 21:12:00,109707.9,109761.4,109664.0,109690.0,80.946,1752066899999,8880374.1444,1188,43.429,4764305.6319,0
2025-07-09 21:15:00,109690.1,109710.0,109658.1,109682.0,75.354,1752067079999,8265087.3414,792,38.722,4247035.7116,0
2025-07-09 21:18:00,109682.1,109682.1,109620.3,109620.3,32.563,1752067259999,3570755.6421,613,11.056,1212320.6145,0
2025-07-09 21:21:00,109620.1,109628.0,109582.3,109628.0,62.348,1752067439999,6833529.5829,834,39.024,4277080.8194,0
2025-07-09 21:24:00,109628.0,109648.0,109543.2,109552.0,88.277,1752067619999,9673640.8618,1111,26.163,2866868.3283,0
2025-07-09 21:27:00,109552.1,109566.0,109535.0,109557.9,29.719,1752067799999,3255763.1052,632,13.641,1494365.5792,0
2025-07-09 21:30:00,109557.9,109691.3,109495.0,109608.1,153.113,1752067979999,16781292.0554,2448,88.982,9752353.7075,0
2025-07-09 21:33:00,109608.1,109666.0,109408.5,109408.5,127.622,1752068159999,13978063.9905,2097,55.060,6029865.9704,0
2025-07-09 21:36:00,109408.5,109462.0,109373.3,109409.9,93.051,1752068339999,10181044.4064,1485,40.745,4457719.2818,0
2025-07-09 21:39:00,109408.0,109477.1,109390.2,109410.1,77.604,1752068519999,8491506.8584,1025,49.948,5465015.4322,0
2025-07-09 21:42:00,109412.0,109432.0,109338.0,109428.0,68.422,1752068699999,7484048.6369,1070,35.147,3844169.5396,0
2025-07-09 21:45:00,109428.0,109480.0,109368.1,109467.1,82.732,1752068879999,9052644.6550,1251,46.846,5126018.1250,0
2025-07-09 21:48:00,109467.0,109550.2,109422.0,109456.0,97.729,1752069059999,10700974.8071,1427,43.642,4778118.0374,0
2025-07-09 21:51:00,109458.0,109458.0,109277.7,109330.1,114.280,1752069239999,12496682.2123,2003,34.812,3806043.0176,0
2025-07-09 21:54:00,109330.1,109388.5,109152.3,109166.0,239.859,1752069419999,26209863.5087,3022,103.485,11308762.1538,0
2025-07-09 21:57:00,109168.0,109195.9,109120.0,109174.1,162.565,1752069599999,17746061.7389,1830,62.413,6812794.9999,0
2025-07-09 22:00:00,109174.1,109209.4,109128.2,109207.2,110.459,1752069779999,12058115.3923,1581,62.555,6828804.9989,0
2025-07-09 22:03:00,109207.1,109281.8,109100.0,109281.8,96.351,1752069959999,10517465.4121,1640,63.028,6880296.0902,0
2025-07-09 22:06:00,109281.9,109330.5,109199.4,109267.2,71.476,1752070139999,7809971.0940,1536,31.695,3463019.7740,0
2025-07-09 22:09:00,109267.9,109280.0,109162.0,109231.8,63.608,1752070319999,6946422.9264,1136,28.447,3106333.6663,0
2025-07-09 22:12:00,109231.8,109317.7,109187.5,109255.1,66.803,1752070499999,7299248.8304,1060,41.184,4500481.5558,0
2025-07-09 22:15:00,109255.0,109356.1,109218.9,109350.0,69.179,1752070679999,7561003.2823,1243,32.926,3598660.8642,0
2025-07-09 22:18:00,109351.9,109370.0,109312.1,109317.9,34.073,1752070859999,3725760.2682,725,16.255,1777398.5243,0
2025-07-09 22:21:00,109317.9,109374.0,109315.0,109362.1,29.008,1752071039999,3172363.6304,462,13.669,1494770.8891,0
2025-07-09 22:24:00,109363.9,109449.9,109331.3,109350.0,64.269,1752071219999,7030428.8951,1362,39.058,4272386.6118,0
2025-07-09 22:27:00,109350.0,109350.0,108900.0,108900.0,275.653,1752071399999,30067910.1284,4106,69.084,7533316.0963,0
2025-07-09 22:30:00,108900.1,108900.1,108623.6,108813.7,409.593,1752071579999,44537756.9012,6361,209.982,22833278.4697,0
2025-07-09 22:33:00,108813.7,108837.5,108646.6,108646.6,134.501,1752071759999,14628255.7967,1994,67.246,7313537.2322,0
2025-07-09 22:36:00,108646.1,108646.1,108466.4,108551.9,313.441,1752071939999,34020397.4110,4178,141.012,15305418.2290,0
2025-07-09 22:39:00,108551.9,108645.0,108512.8,108624.1,207.857,1752072119999,22566510.0107,2160,80.844,8776980.9925,0
2025-07-09 22:42:00,108624.0,108685.1,108603.3,108674.1,144.830,1752072299999,15733838.0779,1599,65.762,7144358.6908,0
2025-07-09 22:45:00,108674.1,108715.2,108613.6,108613.7,89.374,1752072479999,9712968.2424,1319,36.626,3980342.5787,0
2025-07-09 22:48:00,108613.7,108685.9,108559.6,108664.1,107.425,1752072659999,11667555.2294,1689,53.869,5850484.8712,0
2025-07-09 22:51:00,108662.1,108764.8,108655.1,108738.1,67.169,1752072839999,7302420.9121,1202,43.126,4688418.5413,0
2025-07-09 22:54:00,108738.0,108989.9,108732.0,108974.9,225.806,1752073019999,24584640.8413,2799,166.471,18123688.6283,0
2025-07-09 22:57:00,108974.9,108978.0,108833.3,108856.0,88.019,1752073199999,9585992.2931,1265,33.274,3623639.1667,0
2025-07-09 23:00:00,108856.0,109124.1,108833.2,109106.5,154.552,1752073379999,16843618.7729,2189,99.463,10840323.1640,0
2025-07-09 23:03:00,109106.5,109176.6,109090.0,109090.1,147.102,1752073559999,16053833.1521,1875,71.536,7806951.2088,0
2025-07-09 23:06:00,109090.1,109117.9,108979.1,109027.9,97.158,1752073739999,10594125.2763,1622,41.294,4502583.8036,0
2025-07-09 23:09:00,109027.9,109036.0,108875.7,108950.0,59.221,1752073919999,6451868.8799,1365,25.108,2735209.1106,0
2025-07-09 23:12:00,108950.0,108954.0,108782.1,108782.1,68.377,1752074099999,7445080.1074,1319,19.523,2125894.9731,0
2025-07-09 23:15:00,108782.1,108894.0,108782.1,108880.0,37.375,1752074279999,4068049.2740,789,16.438,1788981.3505,0
2025-07-09 23:18:00,108876.0,108942.7,108850.1,108936.0,27.545,1752074459999,2999961.9313,545,16.320,1777408.1697,0
2025-07-09 23:21:00,108932.0,108989.8,108925.5,108976.0,32.268,1752074639999,3515854.4486,631,18.061,1967812.2662,0
2025-07-09 23:24:00,108976.1,108980.0,108920.7,108948.1,19.273,1752074819999,2099877.4941,370,4.163,453560.0014,0
2025-07-09 23:27:00,108948.1,109022.0,108948.1,108948.2,50.041,1752074999999,5454103.9469,755,25.761,2807642.8941,0
2025-07-09 23:30:00,108948.3,109003.7,108922.0,108926.0,40.860,1752075179999,4452089.7084,712,20.491,2232591.2380,0
2025-07-09 23:33:00,108924.0,108973.8,108892.2,108936.0,23.317,1752075359999,2539814.2654,497,8.177,890644.8012,0
2025-07-09 23:36:00,108936.0,108951.2,108766.6,108766.6,49.105,1752075539999,5346079.1908,995,16.902,1840420.9600,0
2025-07-09 23:39:00,108766.7,108847.3,108766.7,108812.0,45.117,1752075719999,4908820.0972,667,21.589,2348690.5939,0
2025-07-09 23:42:00,108812.1,108837.9,108808.1,108826.5,15.768,1752075899999,1715919.8705,283,10.597,1153164.2859,0
2025-07-09 23:45:00,108826.0,108959.0,108824.1,108947.1,36.713,1752076079999,3998134.7387,768,25.975,2828549.3445,0
2025-07-09 23:48:00,108947.1,108975.5,108932.0,108975.5,9.895,1752076259999,1078088.8877,252,7.532,820640.7412,0
2025-07-09 23:51:00,108975.5,109040.0,108975.5,108992.7,35.200,1752076439999,3836873.5508,679,21.754,2371159.4018,0
2025-07-09 23:54:00,108992.7,109021.2,108967.6,109016.1,23.153,1752076619999,2523624.6723,348,13.234,1442464.2904,0
2025-07-09 23:57:00,109016.0,109080.4,109016.0,109031.9,45.407,1752076799999,4951605.3982,639,27.060,2950839.4874,0
2025-07-10 00:00:00,109031.9,109096.3,109031.9,109090.0,29.618,1752076979999,3230613.6013,545,15.699,1712343.7835,0
2025-07-10 00:03:00,109090.0,109092.0,108990.0,108990.0,23.252,1752077159999,2535683.3548,585,8.868,967079.4209,0
2025-07-10 00:06:00,108990.1,109051.9,108988.1,109032.1,21.069,1752077339999,2296874.5797,447,10.008,1090957.9257,0
2025-07-10 00:09:00,109032.0,109122.7,109010.1,109122.6,31.106,1752077519999,3392082.2828,674,19.450,2121075.2348,0
2025-07-10 00:12:00,109122.6,109178.0,109060.1,109098.6,68.025,1752077699999,7422327.8768,1102,36.519,3984464.8120,0
2025-07-10 00:15:00,109098.6,109130.0,109062.0,109092.0,34.570,1752077879999,3771344.1084,526,18.013,1964914.6736,0
2025-07-10 00:18:00,109092.0,109226.0,109092.0,109226.0,64.203,1752078059999,7009902.6669,1201,42.477,4637645.0155,0
2025-07-10 00:21:00,109226.1,109244.4,109100.5,109118.2,50.826,1752078239999,5548555.9383,975,26.129,2852521.0667,0
2025-07-10 00:24:00,109118.1,109144.9,109084.0,109111.9,26.246,1752078419999,2863705.1928,552,11.771,1284273.1762,0
2025-07-10 00:27:00,109112.0,109206.0,109112.0,109168.0,25.814,1752078599999,2818379.2520,511,16.515,1802996.1991,0
2025-07-10 00:30:00,109170.0,109312.2,109170.0,109312.2,70.477,1752078779999,7701370.0327,1122,49.905,5453269.2181,0
2025-07-10 00:33:00,109312.1,109313.5,109246.1,109285.0,54.651,1752078959999,5972192.9354,662,29.801,3256534.8697,0
2025-07-10 00:36:00,109284.9,109323.0,109270.1,109288.0,46.763,1752079139999,5111372.1221,560,20.765,2269608.3651,0
2025-07-10 00:39:00,109288.0,109288.0,109220.4,109263.9,40.638,1752079319999,4439877.4330,593,19.551,2135977.8254,0
2025-07-10 00:42:00,109263.9,109271.6,109246.0,109271.6,25.935,1752079499999,2833589.2507,326,15.699,1715200.6933,0
2025-07-10 00:45:00,109271.5,109284.0,109262.0,109279.0,32.228,1752079679999,3521749.5923,310,10.889,1189842.5540,0
2025-07-10 00:48:00,109280.0,109392.0,109272.1,109392.0,57.184,1752079859999,6252619.2678,1020,33.904,3707293.7368,0
2025-07-10 00:51:00,109391.9,109445.0,109391.9,109411.9,64.996,1752080039999,7111667.8203,892,37.999,4157512.5587,0
2025-07-10 00:54:00,109412.0,109412.0,109350.1,109361.8,42.900,1752080219999,4692109.0782,461,14.389,1573588.0457,0
2025-07-10 00:57:00,109361.7,109380.0,109333.9,109375.0,19.795,1752080399999,2164801.2181,342,9.126,998001.5797,0
2025-07-10 01:00:00,109372.1,109375.0,109235.0,109258.0,59.175,1752080579999,6469003.2650,1123,25.513,2789022.7879,0
2025-07-10 01:03:00,109256.1,109316.5,109218.1,109316.5,39.849,1752080759999,4353680.2048,660,26.649,2911615.0844,0
2025-07-10 01:06:00,109316.4,109388.0,109298.3,109388.0,16.680,1752080939999,1823683.9250,498,9.369,1024430.5035,0
2025-07-10 01:09:00,109388.0,109422.7,109330.0,109330.1,42.169,1752081119999,4612445.7499,739,19.036,2082196.7014,0
2025-07-10 01:12:00,109330.1,109333.9,109223.5,109226.1,58.552,1752081299999,6397656.3872,914,20.802,2272741.9364,0
2025-07-10 01:15:00,109226.0,109230.0,109182.0,109182.0,48.072,1752081479999,5249453.6798,691,18.070,1973146.4916,0
2025-07-10 01:18:00,109182.0,109219.5,109179.4,109212.5,26.561,1752081659999,2900483.1243,396,15.013,1639401.6422,0
2025-07-10 01:21:00,109210.1,109215.0,109037.0,109126.0,81.235,1752081839999,8863761.8762,1573,26.328,2872317.9591,0
2025-07-10 01:24:00,109126.0,109196.0,109126.0,109139.4,34.562,1752082019999,3772885.9391,551,12.072,1317684.6595,0
2025-07-10 01:27:00,109138.1,109138.1,109089.3,109089.3,26.054,1752082199999,2843114.7870,475,9.887,1078879.9991,0
2025-07-10 01:30:00,109089.4,109123.9,109011.3,109011.3,51.923,1752082379999,5663310.1085,902,28.743,3135048.1409,0
2025-07-10 01:33:00,109011.0,109080.4,108995.5,109080.4,39.009,1752082559999,4252989.2937,721,22.051,2404217.0861,0
2025-07-10 01:36:00,109081.9,109100.0,109038.0,109100.0,32.146,1752082739999,3506079.1973,596,18.629,2031798.9978,0
2025-07-10 01:39:00,109099.9,109187.9,109098.1,109138.0,32.609,1752082919999,3559226.9269,611,21.691,2367392.8851,0
2025-07-10 01:42:00,109138.1,109145.0,109088.1,109121.9,17.349,1752083099999,1892981.6988,366,11.190,1220983.1234,0
2025-07-10 01:45:00,109121.9,109121.9,109067.1,109070.0,31.322,1752083279999,3416794.0852,365,11.514,1255904.3933,0
2025-07-10 01:48:00,109068.1,109123.0,109049.4,109123.0,22.495,1752083459999,2453596.9009,421,12.943,1411758.8583,0
2025-07-10 01:51:00,109122.9,109155.9,109100.0,109114.0,37.156,1752083639999,4054774.3779,566,16.688,1821023.0939,0
2025-07-10 01:54:00,109112.0,109113.9,109072.0,109100.1,17.932,1752083819999,1956376.0659,311,11.325,1235577.5458,0
2025-07-10 01:57:00,109100.0,109154.0,109100.0,109126.1,17.282,1752083999999,1886119.4651,262,7.390,806410.5671,0
2025-07-10 02:00:00,109126.0,109166.0,109098.1,109106.0,32.331,1752084179999,3527857.3202,492,19.978,2179852.6608,0
2025-07-10 02:03:00,109106.1,109168.0,109106.1,109125.1,27.202,1752084359999,2969237.3258,435,10.590,1155896.9986,0
2025-07-10 02:06:00,109125.0,109471.2,109104.6,109452.6,160.107,1752084539999,17507430.7158,2839,104.256,11398637.1598,0
2025-07-10 02:09:00,109452.6,109491.5,109397.5,109482.1,192.926,1752084719999,21113333.0989,1943,113.463,12417059.0002,0
2025-07-10 02:12:00,109482.0,109534.9,109405.0,109435.9,92.740,1752084899999,10152039.9031,1436,34.330,3758258.0095,0
2025-07-10 02:15:00,109436.0,109487.9,109350.8,109481.8,81.389,1752085079999,8905410.1827,1255,41.698,4562236.3677,0
2025-07-10 02:18:00,109481.8,109501.4,109380.0,109499.9,77.416,1752085259999,8473357.1327,1199,40.922,4478822.1600,0
2025-07-10 02:21:00,109499.9,109554.2,109478.1,109536.2,69.177,1752085439999,7576989.4113,942,43.368,4750188.6111,0
2025-07-10 02:24:00,109536.3,109536.3,109494.0,109527.5,43.958,1752085619999,4814141.5747,569,21.143,2315450.2149,0
2025-07-10 02:27:00,109527.4,109536.0,109480.0,109522.1,37.997,1752085799999,4161153.4370,560,15.133,1657132.9279,0
2025-07-10 02:30:00,109522.1,109527.9,109472.1,109485.3,49.648,1752085979999,5436355.8676,681,22.009,2409835.0235,0
2025-07-10 02:33:00,109486.0,109488.0,109432.0,109485.9,42.326,1752086159999,4633208.1020,544,12.861,1407748.0565,0
2025-07-10 02:36:00,109486.0,109520.0,109484.0,109484.0,21.867,1752086339999,2394593.3022,344,11.033,1208160.7370,0
2025-07-10 02:39:00,109484.1,109484.1,109370.0,109370.0,39.376,1752086519999,4308829.5988,696,14.369,1572266.5106,0
2025-07-10 02:42:00,109370.0,109401.7,109344.0,109366.1,34.009,1752086699999,3719576.1294,496,19.066,2085234.8576,0
2025-07-10 02:45:00,109366.1,109447.1,109356.0,109447.1,31.012,1752086879999,3392264.5018,482,20.684,2262440.8077,0
2025-07-10 02:48:00,109447.6,109477.1,109436.0,109458.1,17.509,1752087059999,1916452.6815,330,8.981,983003.2818,0
2025-07-10 02:51:00,109458.1,109466.0,109433.1,109466.0,12.886,1752087239999,1410342.2353,227,7.894,863983.6902,0
2025-07-10 02:54:00,109465.9,109511.5,109465.9,109494.0,18.396,1752087419999,2014203.7630,348,9.900,1083927.4643,0
2025-07-10 02:57:00,109492.1,109522.9,109462.1,109510.1,24.989,1752087599999,2736189.5320,341,13.746,1505165.3998,0
2025-07-10 03:00:00,109510.1,109570.0,109508.4,109532.0,59.304,1752087779999,6496559.3860,839,26.585,2912130.2075,0
2025-07-10 03:03:00,109530.1,109532.0,109496.0,109496.0,23.934,1752087959999,2621067.8896,387,11.835,1296064.0166,0
2025-07-10 03:06:00,109496.0,109554.0,109473.4,109545.9,40.911,1752088139999,4480760.8002,548,26.429,2894752.2080,0
2025-07-10 03:09:00,109544.1,109560.0,109506.0,109559.9,14.761,1752088319999,1616811.2621,299,11.544,1264425.8780,0
2025-07-10 03:12:00,109560.0,109648.3,109560.0,109648.2,69.613,1752088499999,7629932.6350,1099,56.677,6211882.7957,0
2025-07-10 03:15:00,109648.3,109717.6,109648.3,109696.0,96.058,1752088679999,10536658.5032,1388,69.268,7598097.9079,0
2025-07-10 03:18:00,109696.0,109988.0,109696.0,109988.0,354.590,1752088859999,38959909.7468,4260,234.986,25816899.8059,0
2025-07-10 03:21:00,109987.9,110030.6,109911.7,109974.9,250.424,1752089039999,27541800.3745,2685,153.846,16920020.1015,0
2025-07-10 03:24:00,109974.9,110255.3,109966.8,110168.1,368.072,1752089219999,40549339.9732,4469,204.293,22505297.5123,0
2025-07-10 03:27:00,110168.1,110343.1,110164.1,110343.0,175.932,1752089399999,19400018.6804,2187,116.102,12802967.8202,0
2025-07-10 03:30:00,110343.1,110433.0,110307.1,110326.0,352.802,1752089579999,38943658.6954,3389,195.703,21602841.2887,0
2025-07-10 03:33:00,110326.0,110431.7,110234.4,110386.1,148.625,1752089759999,16398972.5386,1846,80.660,8899913.5720,0
2025-07-10 03:36:00,110386.1,111033.0,110384.1,110900.0,820.090,1752089939999,90873498.6563,10047,523.832,58037047.9630,0
2025-07-10 03:39:00,110901.5,111420.0,110810.4,111411.8,968.433,1752090119999,107683490.4299,9657,649.333,72210306.4805,0
2025-07-10 03:42:00,111411.7,111416.8,111238.9,111392.0,300.931,1752090299999,33505719.0725,3768,167.797,18681818.2803,0
2025-07-10 03:45:00,111392.0,111493.1,111219.1,111466.0,291.864,1752090479999,32506414.8453,3984,167.309,18634192.0868,0
2025-07-10 03:48:00,111465.9,111646.9,111431.7,111616.0,408.487,1752090659999,45568926.7218,4354,231.758,25854270.2675,0
2025-07-10 03:51:00,111614.7,111888.0,111560.3,111860.0,411.519,1752090839999,45975886.8333,4847,243.065,27157795.0396,0
2025-07-10 03:54:00,111859.9,112025.1,111546.3,111915.9,661.702,1752091019999,73990290.6210,8840,335.989,37579313.2812,0
2025-07-10 03:57:00,111916.3,111916.3,111642.0,111744.8,363.340,1752091199999,40596377.5423,4201,161.315,18021698.6862,0
2025-07-10 04:00:00,111742.0,111936.2,111581.7,111875.1,447.074,1752091379999,49962745.7663,5870,180.240,20144226.9497,0
2025-07-10 04:03:00,111875.0,111875.0,111536.9,111597.0,210.572,1752091559999,23506420.1638,2953,92.605,10337761.0310,0
2025-07-10 04:06:00,111597.1,111597.1,111220.7,111242.0,389.680,1752091739999,43428490.6507,3888,130.777,14571161.4882,0
2025-07-10 04:09:00,111242.0,111344.0,111125.2,111266.7,301.411,1752091919999,33524892.0163,3570,130.974,14567808.1624,0
2025-07-10 04:12:00,111264.0,111374.1,111134.1,111331.6,175.150,1752092099999,19482491.9277,2166,84.524,9400868.0982,0
2025-07-10 04:15:00,111328.0,111361.9,111267.4,111338.1,88.844,1752092279999,9890422.5216,1176,47.217,5256285.0153,0
2025-07-10 04:18:00,111338.1,111343.9,111214.0,111234.0,68.497,1752092459999,7621063.5070,925,37.709,4195408.6822,0
2025-07-10 04:21:00,111234.9,111234.9,111110.3,111165.9,91.642,1752092639999,10187353.1346,1399,52.659,5853617.5725,0
2025-07-10 04:24:00,111165.9,111189.9,110918.6,110998.0,178.638,1752092819999,19832702.1332,2146,97.517,10825407.6389,0
2025-07-10 04:27:00,110998.0,111067.9,110970.0,110993.3,87.609,1752092999999,9725586.4920,1159,42.399,4706602.5775,0
2025-07-10 04:30:00,110993.2,110994.0,110805.0,110832.0,158.123,1752093179999,17536919.1835,1994,41.057,4553739.3881,0
2025-07-10 04:33:00,110832.0,111094.6,110813.3,110921.8,141.482,1752093359999,15699766.1821,2226,64.246,7128327.9575,0
2025-07-10 04:36:00,110920.1,110984.0,110820.6,110903.4,145.574,1752093539999,16144391.2273,1826,68.785,7627809.3078,0
2025-07-10 04:39:00,110903.4,110964.0,110847.4,110936.7,64.497,1752093719999,7152533.3459,1135,40.434,4483957.5364,0
2025-07-10 04:42:00,110936.7,110997.5,110902.4,110992.7,49.761,1752093899999,5519912.8552,753,29.396,3260826.8121,0
2025-07-10 04:45:00,110992.8,110998.4,110803.9,110831.9,71.217,1752094079999,7898091.4318,1082,28.119,3118366.7603,0
2025-07-10 04:48:00,110832.0,110832.0,110764.7,110824.0,78.839,1752094259999,8735839.5354,959,34.866,3863069.4453,0
2025-07-10 04:51:00,110824.0,110837.9,110735.0,110744.1,54.324,1752094439999,6018187.9963,860,28.873,3198570.0510,0
2025-07-10 04:54:00,110744.0,110753.3,110559.6,110708.8,147.912,1752094619999,16370286.5977,2492,79.448,8792812.8518,0
2025-07-10 04:57:00,110710.0,110732.3,110636.0,110710.3,50.614,1752094799999,5602513.7017,814,22.237,2461368.0566,0
2025-07-10 05:00:00,110710.3,110928.5,110664.2,110897.9,104.195,1752094979999,11546394.9374,1528,80.534,8924236.9018,0
2025-07-10 05:03:00,110897.9,111089.2,110894.0,111000.0,228.417,1752095159999,25359859.8847,2564,115.040,12771501.0828,0
2025-07-10 05:06:00,111001.9,111175.0,110999.9,110999.9,141.928,1752095339999,15767031.9373,1912,69.040,7669145.0573,0
2025-07-10 05:09:00,111000.0,111088.5,110979.3,111021.9,112.172,1752095519999,12455828.0211,1176,46.084,5117227.5328,0
2025-07-10 05:12:00,111022.0,111042.0,110988.6,111038.0,31.934,1752095699999,3545362.4798,440,11.360,1261121.7982,0
2025-07-10 05:15:00,111038.1,111137.6,110988.1,111130.1,40.994,1752095879999,4552209.5781,718,22.005,2443719.1651,0
2025-07-10 05:18:00,111130.1,111191.0,111012.0,111189.8,41.801,1752096059999,4644824.9622,811,30.112,3346293.0241,0
2025-07-10 05:21:00,111186.0,111278.8,111180.0,111278.8,75.980,1752096239999,8451573.0753,1150,52.014,5785734.7818,0
2025-07-10 05:24:00,111278.8,111278.8,111107.2,111150.0,64.242,1752096419999,7143553.3698,1124,23.525,2615355.6210,0
2025-07-10 05:27:00,111148.1,111216.6,111134.9,111216.5,41.495,1752096599999,4612803.5357,609,23.831,2649137.9168,0
2025-07-10 05:30:00,111216.6,111216.6,111023.1,111068.0,22.520,1752096779999,2501790.7538,726,6.878,763894.6920,0
2025-07-10 05:33:00,111068.0,111098.0,110881.7,110938.3,36.256,1752096959999,4023586.4143,972,13.332,1479323.1792,0
2025-07-10 05:36:00,110936.6,110954.9,110872.1,110954.9,28.997,1752097139999,3216080.8983,406,3.659,405836.7276,0
2025-07-10 05:39:00,110955.0,111000.0,110893.1,110973.3,19.231,1752097319999,2133932.4133,564,11.294,1253311.9747,0
2025-07-10 05:42:00,110977.7,111064.0,110967.9,111052.8,20.659,1752097499999,2293092.6874,624,16.063,1782917.1651,0
2025-07-10 05:45:00,111052.9,111109.0,111015.6,111109.0,14.246,1752097679999,1582194.1427,468,8.417,934808.6450,0
2025-07-10 05:48:00,111109.0,111141.4,110961.8,110961.8,12.990,1752097859999,1442447.8326,627,4.941,548764.4508,0
2025-07-10 05:51:00,110961.5,110972.7,110910.1,110931.1,15.920,1752098039999,1766281.8849,418,4.004,444210.3029,0
2025-07-10 05:54:00,110932.1,110997.4,110932.0,110949.3,11.242,1752098219999,1247449.9175,322,6.024,668475.3540,0
2025-07-10 05:57:00,110949.3,110959.9,110818.0,110818.0,37.039,1752098399999,4107369.5133,815,12.429,1378382.1780,0
2025-07-10 06:00:00,110818.1,111078.0,110818.1,110943.9,33.862,1752098579999,3757311.7032,1051,21.888,2428391.2602,0
2025-07-10 06:03:00,110934.1,111078.1,110920.0,111067.7,30.082,1752098759999,3339402.5662,826,21.238,2357764.5976,0
2025-07-10 06:06:00,111067.7,111078.2,111032.0,111066.1,23.002,1752098939999,2554483.4211,472,12.830,1424783.3624,0
2025-07-10 06:09:00,111066.1,111247.9,111066.1,111209.5,161.278,1752099119999,17929634.4499,1863,84.834,9430854.4662,0
2025-07-10 06:12:00,111209.9,111305.5,111206.1,111293.9,56.231,1752099299999,6255914.4410,928,37.881,4214246.7753,0
2025-07-10 06:15:00,111293.9,111336.7,111246.1,111312.4,40.611,1752099479999,4519522.8175,789,17.858,1987401.5041,0
2025-07-10 06:18:00,111312.4,111321.9,111271.3,111283.9,57.049,1752099659999,6349474.6851,630,27.303,3038634.1797,0
2025-07-10 06:21:00,111283.9,111283.9,111138.9,111182.0,25.066,1752099839999,2787777.5838,616,8.042,894238.6067,0
2025-07-10 06:24:00,111182.0,111199.6,111116.9,111130.5,22.841,1752100019999,2538919.3508,481,7.194,799632.2857,0
2025-07-10 06:27:00,111130.5,111130.6,111078.3,111079.9,12.731,1752100199999,1414462.0456,371,4.789,532048.2982,0
2025-07-10 06:30:00,111079.8,111180.6,111079.8,111118.0,30.188,1752100379999,3354681.6215,509,19.576,2175453.1743,0
2025-07-10 06:33:00,111118.0,111165.0,111094.1,111099.7,11.733,1752100559999,1303924.6572,278,7.412,823720.7680,0
2025-07-10 06:36:00,111099.8,111113.2,111092.0,111113.2,19.920,1752100739999,2213189.8981,303,5.774,641487.1718,0
2025-07-10 06:39:00,111113.2,111314.2,111113.2,111279.4,53.724,1752100919999,5976915.6252,989,33.983,3780243.2374,0
2025-07-10 06:42:00,111279.3,111314.1,111219.7,111314.1,46.841,1752101099999,5211882.7261,610,24.461,2721898.3112,0
2025-07-10 06:45:00,111314.2,111370.0,111288.0,111361.9,52.149,1752101279999,5806122.9329,831,27.923,3108831.1548,0
2025-07-10 06:48:00,111362.0,111416.6,111358.0,111364.9,35.270,1752101459999,3928650.7605,761,15.175,1690237.5655,0
2025-07-10 06:51:00,111366.0,111370.0,111310.0,111344.0,44.748,1752101639999,4982349.8514,624,21.511,2394859.3999,0
2025-07-10 06:54:00,111342.3,111362.1,111292.0,111355.5,44.660,1752101819999,4972154.4932,685,21.788,2425736.3263,0
2025-07-10 06:57:00,111355.5,111400.0,111352.6,111379.2,27.933,1752101999999,3111115.5309,528,16.785,1869476.5164,0
2025-07-10 07:00:00,111374.0,111388.0,111336.0,111367.9,24.978,1752102179999,2781513.6429,463,9.553,1063735.3959,0
2025-07-10 07:03:00,111365.0,111365.0,111250.1,111309.9,28.936,1752102359999,3220514.2195,494,13.400,1491044.0297,0
2025-07-10 07:06:00,111309.9,111472.0,111309.9,111396.7,83.611,1752102539999,9316138.2327,1060,61.374,6838145.8728,0
2025-07-10 07:09:00,111396.8,111419.9,111362.4,111373.5,34.881,1752102719999,3885318.4229,388,16.698,1859982.6230,0
2025-07-10 07:12:00,111373.6,111428.2,111333.3,111333.3,36.847,1752102899999,4103861.4960,497,20.193,2248825.7753,0
2025-07-10 07:15:00,111333.3,111422.9,111330.0,111422.8,24.428,1752103079999,2720176.2242,354,20.294,2259804.8215,0
2025-07-10 07:18:00,111422.9,111460.0,111422.9,111459.9,37.658,1752103259999,4196660.5279,404,17.641,1965859.1466,0
2025-07-10 07:21:00,111460.0,111487.0,111440.0,111478.9,43.600,1752103439999,4860056.5419,607,24.009,2676182.5772,0
2025-07-10 07:24:00,111478.9,111518.2,111464.0,111490.9,70.349,1752103619999,7843671.3640,746,57.813,6445946.9028,0
2025-07-10 07:27:00,111490.9,111506.0,111379.3,111390.0,72.436,1752103799999,8073172.4775,779,22.241,2479017.0026,0
2025-07-10 07:30:00,111392.0,111513.5,111392.0,111470.4,42.612,1752103979999,4749925.0646,625,20.744,2312195.9650,0
2025-07-10 07:33:00,111470.3,111478.0,111380.1,111391.5,27.590,1752104159999,3074668.4226,554,12.958,1444059.5671,0
2025-07-10 07:36:00,111391.5,111444.0,111375.0,111375.0,18.535,1752104339999,2064992.9589,390,4.927,548881.7696,0
2025-07-10 07:39:00,111375.0,111435.0,111337.6,111380.3,31.137,1752104519999,3468471.7996,461,14.823,1651187.7551,0
2025-07-10 07:42:00,111380.3,111380.3,111341.0,111356.1,16.826,1752104699999,1873671.9397,332,8.286,922654.4993,0
2025-07-10 07:45:00,111356.0,111410.0,111324.1,111324.9,17.821,1752104879999,1984824.0911,372,5.618,625734.8355,0
2025-07-10 07:48:00,111325.0,111355.9,111283.4,111297.9,42.273,1752105059999,4705223.8756,632,16.667,1855083.5507,0
2025-07-10 07:51:00,111298.0,111315.0,111265.5,111275.0,15.947,1752105239999,1774621.6413,308,8.762,975029.7949,0
2025-07-10 07:54:00,111274.9,111308.8,111240.1,111277.1,26.180,1752105419999,2913085.1479,431,13.623,1515633.1657,0
2025-07-10 07:57:00,111277.1,111277.1,111220.0,111237.3,13.508,1752105599999,1502619.3761,273,8.804,979332.2774,0
2025-07-10 08:00:00,111237.3,111306.0,111200.0,111249.6,55.129,1752105779999,6133048.9032,796,22.029,2450556.9820,0
2025-07-10 08:03:00,111249.7,111296.0,111240.2,111292.1,26.973,1752105959999,3001350.8871,414,13.776,1532831.8299,0
2025-07-10 08:06:00,111292.1,111292.1,111250.0,111273.3,15.795,1752106139999,1757464.3705,230,7.082,787938.7483,0
2025-07-10 08:09:00,111273.3,111279.9,111224.0,111246.7,18.535,1752106319999,2062027.9502,327,6.282,698815.1497,0
2025-07-10 08:12:00,111246.7,111326.7,111230.9,111266.8,23.038,1752106499999,2563680.1211,448,12.341,1373193.5863,0
2025-07-10 08:15:00,111266.8,111284.0,111223.8,111284.0,20.870,1752106679999,2321761.2364,402,11.558,1285806.7648,0
2025-07-10 08:18:00,111286.0,111299.0,111216.1,111216.1,21.494,1752106859999,2391656.8610,370,7.682,854722.4115,0
2025-07-10 08:21:00,111219.9,111257.4,111167.6,111196.7,40.831,1752107039999,4540512.0475,656,19.767,2198062.4484,0
2025-07-10 08:24:00,111196.3,111227.7,111179.0,111209.9,16.763,1752107219999,1864138.8842,270,8.046,894701.4003,0
2025-07-10 08:27:00,111209.9,111209.9,111136.0,111136.0,24.071,1752107399999,2676003.4657,373,5.678,631182.1557,0
2025-07-10 08:30:00,111136.1,111213.3,111136.0,111166.0,29.485,1752107579999,3278230.5929,381,15.293,1700107.0820,0
2025-07-10 08:33:00,111166.0,111166.1,111083.3,111083.3,35.366,1752107759999,3929842.1441,631,17.735,1970754.4167,0
2025-07-10 08:36:00,111083.3,111083.3,111040.0,111040.0,43.689,1752107939999,4852026.9595,612,14.777,1641067.8685,0
2025-07-10 08:39:00,111040.0,111048.2,111033.4,111047.2,21.872,1752108119999,2428648.5276,278,14.170,1573400.8760,0
2025-07-10 08:42:00,111047.2,111047.2,111000.1,111028.9,40.280,1752108299999,4471705.5109,602,18.249,2025853.0612,0
2025-07-10 08:45:00,111029.0,111099.9,111028.9,111047.8,30.574,1752108479999,3395630.4212,476,16.426,1824192.0686,0
2025-07-10 08:48:00,111047.8,111063.9,111024.0,111059.2,20.098,1752108659999,2231737.8500,242,13.075,1451846.2662,0
2025-07-10 08:51:00,111059.3,111073.6,110989.9,111000.0,34.302,1752108839999,3808376.1900,643,11.756,1305173.1220,0
2025-07-10 08:54:00,111000.0,111000.0,110913.5,110913.6,36.067,1752109019999,4002079.3890,623,7.094,787134.9571,0
2025-07-10 08:57:00,110913.6,110963.0,110900.6,110909.0,35.243,1752109199999,3909529.7095,479,17.258,1914324.5620,0
2025-07-10 09:00:00,110909.0,110960.0,110890.1,110890.1,29.688,1752109379999,3293073.5454,463,13.838,1534987.6870,0
2025-07-10 09:03:00,110890.0,110966.7,110877.2,110966.7,30.810,1752109559999,3417336.7281,467,18.420,2043116.6715,0
2025-07-10 09:06:00,110966.6,110966.7,110912.1,110917.0,24.192,1752109739999,2683677.4790,295,8.295,920082.1242,0
2025-07-10 09:09:00,110917.1,110963.0,110884.1,110963.0,18.556,1752109919999,2058135.9190,318,10.355,1148527.9777,0
2025-07-10 09:12:00,110963.8,111009.8,110954.0,111008.0,31.251,1752110099999,3468233.4391,394,21.045,2335420.4150,0
2025-07-10 09:15:00,111007.9,111060.0,111004.0,111039.8,30.122,1752110279999,3344528.3707,737,13.551,1504562.9851,0
2025-07-10 09:18:00,111039.8,111156.4,111030.2,111139.2,58.157,1752110459999,6460987.1467,853,39.148,4348658.7534,0
2025-07-10 09:21:00,111134.0,111134.0,111055.0,111055.1,25.417,1752110639999,2823832.9585,376,10.007,1111687.3530,0
2025-07-10 09:24:00,111055.0,111130.0,111050.0,111100.0,22.662,1752110819999,2517296.7612,359,17.629,1958157.3135,0
2025-07-10 09:27:00,111099.9,111099.9,111076.1,111099.8,8.789,1752110999999,976396.3771,159,2.693,299156.7727,0
2025-07-10 09:30:00,111099.2,111128.7,111090.1,111109.9,16.685,1752111179999,1853970.9781,375,7.186,798442.0195,0
2025-07-10 09:33:00,111110.0,111183.3,111110.0,111183.3,35.744,1752111359999,3973095.2570,599,24.972,2775743.8111,0
2025-07-10 09:36:00,111183.3,111198.7,111183.3,111198.5,2.457,1752111539999,273207.1632,96,1.696,188585.4532,0
